Headline,URL
"Rishi Sunak apologises for leaving D-Day events early, calling it a 'mistake'",https://www.bbc.com/news/live/uk-politics-69098963
Refugees sent to Rwanda from remote UK island speak to BBC,https://www.bbc.com/news/articles/c511kkwej7jo
US astronauts greeted with hugs and claps at space station,https://www.bbc.com/news/articles/c8vvrrv1mg1o
The right could win big in Europe – thanks to young people,https://www.bbc.com/news/articles/cqqq952e3v6o
Hunter Biden's ex-girlfriend 'panicked' after finding gun,https://www.bbc.com/news/articles/c9xxn32yr2lo
Refugees sent to Rwanda from remote UK island speak to BBC,https://www.bbc.com/news/articles/c511kkwej7jo
Search resumes for missing presenter Michael Mosley,https://www.bbc.com/news/articles/cl552xdq79do
The devastating cost of fighting Myanmar's military dictatorship,https://www.bbc.com/news/articles/cydd87gen62o
Woman sues Netflix over Baby Reindeer character,https://www.bbc.com/news/articles/c6ppe84jq6do
US astronauts greeted with hugs and claps at space station,https://www.bbc.com/news/articles/c8vvrrv1mg1o
Extreme heat sends 11 to hospital at Arizona Trump rally,https://www.bbc.com/news/articles/crgge744qpeo
Netanyahu to address US Congress on 24 July,https://www.bbc.com/news/articles/c4nnj93pe4yo
Why is Taylor Swift so big? 'She wants it more than anyone',https://www.bbc.com/news/articles/cpvvx9lwl0do
US urges Israel to be transparent over Gaza school strike,https://www.bbc.com/news/articles/cekkd8k2gy9o
Why two UK judges cut ties with Hong Kong's courts,https://www.bbc.com/news/articles/c722094n135o
Features & analysis,https://www.bbc.com/news/articles/c2qqxqgp9yno
Concern rises over AI in adult entertainment,https://www.bbc.com/news/articles/c2qqxqgp9yno
Key family players at Hunter Biden's gun trial,https://www.bbc.com/news/articles/c800rw2ynjgo
Will the UK and US cut interest rates like Europe?,https://www.bbc.com/news/articles/ckkk43yzkn1o
Why Canadians are angry with their biggest supermarket,https://www.bbc.com/news/articles/cd11ywyg6p0o
Weekly quiz: Which runaway horse will wish the King a happy birthday?,https://www.bbc.com/news/world-69097605
Key family players at Hunter Biden's gun trial,https://www.bbc.com/news/articles/c800rw2ynjgo
Down the Rabbit hole: Pocket-sized AI gadget put to the test,https://www.bbc.com/news/articles/ce5571gvl3xo
Why is Nvidia boss the 'Taylor Swift of tech'?,https://www.bbc.com/news/articles/cq55ek28z98o
Will the UK and US cut interest rates like Europe?,https://www.bbc.com/news/articles/ckkk43yzkn1o
Most watched,https://www.bbc.com/news/articles/c8vvrrv1mg1o
Astronauts in Boeing capsule arrive at space station,https://www.bbc.com/news/articles/c8vvrrv1mg1o
'Wanna feed the giraffe?' Moment toddler grabbed from truck,https://www.bbc.com/news/videos/cl44z1ne6e1o
Zelensky and D-Day veteran call each other 'hero',https://www.bbc.com/news/articles/cd11rej2qy8o
Watch: Space X Starship makes successful splashdown,https://www.bbc.com/news/articles/cv22w92wvn7o
Trump fans brave blazing Arizona heat to attend event,https://www.bbc.com/news/articles/clkk4x3m3z0o
Also in news,https://www.bbc.com/news/articles/c3ggn4exnr0o
EU elections start with tight Dutch race - exit poll,https://www.bbc.com/news/articles/c3ggn4exnr0o
Zelensky and D-Day veteran call each other 'hero',https://www.bbc.com/news/articles/cd11rej2qy8o
'Wanna feed the giraffe?' Moment toddler grabbed from truck,https://www.bbc.com/news/videos/cl44z1ne6e1o
US reverses ban on Juul vaping products,https://www.bbc.com/news/articles/cyxxkyd7nwko
Huge cricket upset wakes US from 100-year 'hibernation',https://www.bbc.com/sport/cricket/articles/cy990k0lwl7o
Zelensky and D-Day veteran call each other 'hero',https://www.bbc.com/news/articles/cd11rej2qy8o
Putin warns Russia could provide weapons to strike West,https://www.bbc.com/news/articles/cn44r9zjnpjo
Modi to be sworn in as India's PM on Sunday,https://www.bbc.com/news/articles/c999v798e91o
Hiker finds pipe feeding China's tallest waterfall,https://www.bbc.com/news/articles/cp99l9gpzwgo
'Wanna feed the giraffe?' Moment toddler grabbed from truck,https://www.bbc.com/news/videos/cl44z1ne6e1o
Most read,https://www.bbc.com/news/articles/cp99l9gpzwgo
Hiker finds pipe feeding China's tallest waterfall,https://www.bbc.com/news/articles/cp99l9gpzwgo
Refugees sent to Rwanda from remote UK island speak to BBC,https://www.bbc.com/news/articles/c511kkwej7jo
Actresses call for crackdown on bad behaviour,https://www.bbc.com/news/articles/cd11rr5k15ko
Hunter Biden's ex-girlfriend 'panicked' after finding gun,https://www.bbc.com/news/articles/c9xxn32yr2lo
Woman sues Netflix over Baby Reindeer character,https://www.bbc.com/news/articles/c6ppe84jq6do
Concern rises over AI in adult entertainment,https://www.bbc.com/news/articles/c2qqxqgp9yno
Why is Taylor Swift so big? 'She wants it more than anyone',https://www.bbc.com/news/articles/cpvvx9lwl0do
Divers join search for missing Michael Mosley,https://www.bbc.com/news/articles/cl552xdq79do
The right could win big in Europe – thanks to young people,https://www.bbc.com/news/articles/cqqq952e3v6o
Why Canadians are angry with their biggest supermarket,https://www.bbc.com/news/articles/cd11ywyg6p0o
Sport,https://www.bbc.com/sport/football/live/c9xxn531wljt
Euro 2024 build-up: England squad reaction & Scotland latest,https://www.bbc.com/sport/football/live/c9xxn531wljt
Sensational upset awakens USA from 100-year cricketing hibernation,https://www.bbc.com/sport/cricket/articles/cy990k0lwl7o
'Unbelievable win over Pakistan a big day for US cricket',https://www.bbc.com/sport/cricket/videos/cj55e9e8j5po
Scotland to cut Gordon & Souttar from Euros squad,https://www.bbc.com/sport/football/articles/cjmm73ny1ddo
Alcaraz v Sinner 'the match everybody wants to watch',https://www.bbc.com/sport/tennis/articles/ce99x0vye4zo
Sensational upset awakens USA from 100-year cricketing hibernation,https://www.bbc.com/sport/cricket/articles/cy990k0lwl7o
Celtics dominate Mavericks in game one of NBA Finals,https://www.bbc.com/sport/basketball/articles/c299rz3x27jo
What next for Grealish after England omission?,https://www.bbc.com/sport/football/articles/c2xxpkk3gvxo
'Unbelievable win over Pakistan a big day for US cricket',https://www.bbc.com/sport/cricket/videos/cj55e9e8j5po
